ensembl_gene_id,logFC,logCPM,F,PValue,FDR,gene_symbol,cellranger_version,pseudobulk
ENSG00000170345,4.518359144,10.43044424,29842.59516,0,0,FOS,v3,FALSE
ENSG00000081041,4.465336446,9.360511562,38908.49577,0,0,CXCL2,v3,FALSE
ENSG00000128016,4.06513402,9.585036753,20273.81914,0,0,ZFP36,v3,FALSE
ENSG00000125740,3.828118441,10.82350531,26673.70231,0,0,FOSB,v3,FALSE
ENSG00000120129,3.679776823,9.386751729,17813.09493,0,0,DUSP1,v3,FALSE
ENSG00000162772,3.67112771,9.042513453,19633.60509,0,0,ATF3,v3,FALSE
ENSG00000169429,3.58414241,8.947053957,20607.94481,0,0,CXCL8,v3,FALSE
ENSG00000123358,3.522526121,9.133398427,19932.7021,0,0,NR4A1,v3,FALSE
ENSG00000163734,3.482903617,8.941189582,19816.84751,0,0,CXCL3,v3,FALSE
ENSG00000087074,3.371057417,9.211243124,17596.86293,0,0,PPP1R15A,v3,FALSE
ENSG00000171223,3.356283337,10.47532638,17042.07174,0,0,JUNB,v3,FALSE
ENSG00000120738,3.120757767,9.201051632,15959.35198,0,0,EGR1,v3,FALSE
ENSG00000204389,3.05153358,10.30131554,13860.63023,0,0,HSPA1A,v3,FALSE
ENSG00000204388,2.953345678,9.443331421,12288.02486,0,0,HSPA1B,v3,FALSE
ENSG00000184557,2.928195787,9.101052527,9590.059545,0,0,SOCS3,v3,FALSE
ENSG00000067082,2.873320856,9.598890283,14280.54439,0,0,KLF6,v3,FALSE
ENSG00000177606,2.85494089,10.79283754,12186.85058,0,0,JUN,v3,FALSE
ENSG00000160888,2.837216706,10.22604384,14051.95797,0,0,IER2,v3,FALSE
ENSG00000163739,2.748506578,8.995701637,11693.4899,0,0,CXCL1,v3,FALSE
ENSG00000100906,2.673850413,10.18252269,13743.57622,0,0,NFKBIA,v3,FALSE
ENSG00000173110,2.566237027,9.093577433,5057.302926,0,0,HSPA6,v3,FALSE
ENSG00000132002,2.556973113,10.14494891,9627.266029,0,0,DNAJB1,v3,FALSE
ENSG00000137331,2.477944898,9.029700752,9180.022388,0,0,IER3,v3,FALSE
ENSG00000163660,2.386514361,9.548443699,10524.71469,0,0,CCNL1,v3,FALSE
ENSG00000269028,2.301878374,9.296402739,7478.56988,0,0,MTRNR2L2,v3,FALSE
ENSG00000162783,2.296165281,8.98348652,8055.574778,0,0,IER5,v3,FALSE
ENSG00000125968,2.226369587,8.917084528,7621.733211,0,0,ID1,v3,FALSE
ENSG00000221869,2.220649505,9.223292162,7281.485542,0,0,CEBPD,v3,FALSE
ENSG00000205420,2.16993824,9.461904974,3005.964759,0,0,KRT6A,v3,FALSE
ENSG00000142871,2.160224889,9.053016217,5303.218336,0,0,CYR61,v3,FALSE
ENSG00000165507,2.157956161,8.915150256,10403.22115,0,0,DEPP1,v3,FALSE
ENSG00000189143,2.120480173,9.740277724,7471.303762,0,0,CLDN4,v3,FALSE
ENSG00000125347,2.115248889,8.752470332,7654.796178,0,0,IRF1,v3,FALSE
ENSG00000158050,2.067783859,8.780252492,6362.572858,0,0,DUSP2,v3,FALSE
ENSG00000159388,2.066079675,8.757543076,6993.078119,0,0,BTG2,v3,FALSE
ENSG00000011422,2.062584402,8.900084285,4920.451933,0,0,PLAUR,v3,FALSE
ENSG00000185022,2.038870932,8.719653814,7802.997058,0,0,MAFF,v3,FALSE
ENSG00000136826,2.018332441,8.783262223,6841.729271,0,0,KLF4,v3,FALSE
ENSG00000181649,1.967423586,8.888257702,5384.362517,0,0,PHLDA2,v3,FALSE
ENSG00000118503,1.873930014,8.671133064,7025.984042,0,0,TNFAIP3,v3,FALSE
ENSG00000155090,1.860467486,9.036985315,6208.007264,0,0,KLF10,v3,FALSE
ENSG00000111912,1.853271845,8.919069027,7152.652804,0,0,NCOA7,v3,FALSE
ENSG00000163435,1.842236567,9.317679462,5735.104772,0,0,ELF3,v3,FALSE
ENSG00000114315,1.828467631,9.533184273,5329.76951,0,0,HES1,v3,FALSE
ENSG00000178381,1.79639092,8.907245967,4231.409396,0,0,ZFAND2A,v3,FALSE
ENSG00000255823,1.786192764,9.819931868,5614.152407,0,0,MTRNR2L8,v3,FALSE
ENSG00000006652,1.778660937,8.978599553,4887.659728,0,0,IFRD1,v3,FALSE
ENSG00000130164,1.77336356,8.789471477,5085.536839,0,0,LDLR,v3,FALSE
ENSG00000136997,1.757801323,9.233266812,5282.346502,0,0,MYC,v3,FALSE
ENSG00000143384,1.754114441,9.000945927,5400.393674,0,0,MCL1,v3,FALSE
ENSG00000153234,1.751476842,8.684830131,6931.163448,0,0,NR4A2,v3,FALSE
ENSG00000128422,1.734310494,10.25065549,3250.478964,0,0,KRT17,v3,FALSE
ENSG00000143878,1.717615615,8.786706312,5105.775138,0,0,RHOB,v3,FALSE
ENSG00000130522,1.710341345,8.836101455,4882.790968,0,0,JUND,v3,FALSE
ENSG00000141682,1.689312783,8.778681977,4295.888809,0,0,PMAIP1,v3,FALSE
ENSG00000144802,1.671980488,8.682786279,5354.70454,0,0,NFKBIZ,v3,FALSE
ENSG00000163874,1.627858383,8.63963174,6344.60063,0,0,ZC3H12A,v3,FALSE
ENSG00000078401,1.627729471,8.620003651,6517.916717,0,0,EDN1,v3,FALSE
ENSG00000197019,1.627615592,8.826527059,4476.155304,0,0,SERTAD1,v3,FALSE
ENSG00000127528,1.592429288,8.686032059,5158.852274,0,0,KLF2,v3,FALSE
ENSG00000173334,1.577906894,8.668265292,5317.097952,0,0,TRIB1,v3,FALSE
ENSG00000023445,1.5585775,8.639153119,6371.118463,0,0,BIRC3,v3,FALSE
ENSG00000176907,1.522784998,8.731648705,4102.731457,0,0,TCIM,v3,FALSE
ENSG00000125398,1.521839266,9.081045983,3844.847939,0,0,SOX9,v3,FALSE
ENSG00000256045,1.512163133,9.058297469,3598.662999,0,0,MTRNR2L10,v3,FALSE
ENSG00000090339,1.511511964,8.635994529,5783.961206,0,0,ICAM1,v3,FALSE
ENSG00000099860,1.492381656,8.82109581,3174.22068,0,0,GADD45B,v3,FALSE
ENSG00000124762,1.469821246,8.706811754,4011.42146,0,0,CDKN1A,v3,FALSE
ENSG00000120694,1.431460426,8.99114133,2968.936865,0,0,HSPH1,v3,FALSE
ENSG00000106211,1.421975519,10.72651929,4562.336142,0,0,HSPB1,v3,FALSE
ENSG00000134531,1.4175583,8.901641273,2984.142873,0,0,EMP1,v3,FALSE
ENSG00000108551,1.394254771,8.658852828,4295.789629,0,0,RASD1,v3,FALSE
ENSG00000086061,1.38959955,9.336533012,3492.644387,0,0,DNAJA1,v3,FALSE
ENSG00000130066,1.359634465,10.8023749,4083.424428,0,0,SAT1,v3,FALSE
ENSG00000144655,1.327132615,8.599563182,5822.174078,0,0,CSRNP1,v3,FALSE
ENSG00000104140,1.325114865,8.824407269,3238.600943,0,0,RHOV,v3,FALSE
ENSG00000146278,1.295147221,9.21888777,3313.588843,0,0,PNRC1,v3,FALSE
ENSG00000137193,1.292661156,8.695870603,3098.237464,0,0,PIM1,v3,FALSE
ENSG00000135046,1.290391309,10.01673998,3005.132724,0,0,ANXA1,v3,FALSE
ENSG00000169908,1.285312908,10.28267166,3941.752415,0,0,TM4SF1,v3,FALSE
ENSG00000118523,1.278363753,9.169925952,1601.671552,0,0,CTGF,v3,FALSE
ENSG00000108106,1.272217245,9.027404199,2398.645795,0,0,UBE2S,v3,FALSE
ENSG00000140403,1.268083663,8.68306365,3118.043081,0,0,DNAJA4,v3,FALSE
ENSG00000165215,1.261535124,9.234720969,7314.103431,0,0,CLDN3,v3,FALSE
ENSG00000013588,1.253347056,8.659246902,3275.329645,0,0,GPRC5A,v3,FALSE
ENSG00000080824,1.24422592,11.71025434,7046.76309,0,0,HSP90AA1,v3,FALSE
ENSG00000196352,1.236601222,8.757525945,2465.725551,0,0,CD55,v3,FALSE
ENSG00000109321,1.229288288,8.600481595,4932.843674,0,0,AREG,v3,FALSE
ENSG00000150991,1.225412245,10.36592492,4984.702613,0,0,UBC,v3,FALSE
ENSG00000115738,1.211792585,9.204557866,2324.669412,0,0,ID2,v3,FALSE
ENSG00000163220,1.19672727,8.951880004,2048.968605,0,0,S100A9,v3,FALSE
ENSG00000181617,1.191663088,12.61972788,1083.107314,1.23E-221,7.17E-220,FDCSP,v3,FALSE
ENSG00000163993,1.176744199,8.725639348,2193.474108,0,0,S100P,v3,FALSE
ENSG00000169242,1.157426914,9.228933085,2691.037907,0,0,EFNA1,v3,FALSE
ENSG00000184588,1.155542595,8.650541686,2611.482907,0,0,PDE4B,v3,FALSE
ENSG00000102786,1.153135782,8.794363176,2232.327368,0,0,INTS6,v3,FALSE
ENSG00000141232,1.149143918,8.722202274,2348.785414,0,0,TOB1,v3,FALSE
ENSG00000111057,1.146336577,9.465461147,3319.556925,0,0,KRT18,v3,FALSE
ENSG00000160789,1.145757959,10.31120621,4505.463857,0,0,LMNA,v3,FALSE
ENSG00000008517,1.140044781,9.137447992,3943.799962,0,0,IL32,v3,FALSE
ENSG00000107968,1.138741826,8.630015683,3431.142125,0,0,MAP3K8,v3,FALSE
ENSG00000245532,1.135021773,10.84263324,3635.524082,0,0,NEAT1,v3,FALSE
ENSG00000171345,1.134257961,10.20713484,4522.610334,0,0,KRT19,v3,FALSE
ENSG00000013441,1.127865917,8.733043332,2297.736556,0,0,CLK1,v3,FALSE
ENSG00000115009,1.12283908,8.589454922,3592.902392,0,0,CCL20,v3,FALSE
ENSG00000051108,1.112770138,9.193280703,1974.556156,0,0,HERPUD1,v3,FALSE
ENSG00000168264,1.106090991,9.027532043,2312.48541,0,0,IRF2BP2,v3,FALSE
ENSG00000086544,1.104052252,8.640066823,2690.502083,0,0,ITPKC,v3,FALSE
ENSG00000116717,1.098574043,9.024391568,1805.565612,0,0,GADD45A,v3,FALSE
ENSG00000162616,1.094985537,8.813142901,1859.135181,0,0,DNAJB4,v3,FALSE
ENSG00000137441,1.093887065,8.795943746,1623.009152,0,0,FGFBP2,v3,FALSE
ENSG00000185215,1.080488702,8.792934743,1989.923908,0,0,TNFAIP2,v3,FALSE
ENSG00000162924,1.07536268,8.867839282,1969.053967,0,0,REL,v3,FALSE
ENSG00000186081,1.073917481,9.749024681,2274.768686,0,0,KRT5,v3,FALSE
ENSG00000185290,1.070955952,9.218628461,5215.028424,0,0,NUPR2,v3,FALSE
ENSG00000168610,1.066867761,8.877793536,1925.157986,0,0,STAT3,v3,FALSE
ENSG00000105835,1.060444268,8.806376015,2024.062038,0,0,NAMPT,v3,FALSE
ENSG00000172216,1.058288311,9.801456533,3004.15424,0,0,CEBPB,v3,FALSE
ENSG00000185650,1.051870263,9.510884753,2496.595496,0,0,ZFP36L1,v3,FALSE
ENSG00000188290,1.051550762,9.209803207,2552.95522,0,0,HES4,v3,FALSE
ENSG00000136527,1.046397233,9.226233397,2209.044872,0,0,TRA2B,v3,FALSE
ENSG00000131196,1.041015197,8.729602419,2062.827734,0,0,NFATC1,v3,FALSE
ENSG00000173846,1.040890102,8.616161338,2968.732498,6.819824915e-315,6.20285383876e-313,PLK3,v3,FALSE
ENSG00000179820,1.040288591,8.631107586,2309.687337,1.14E-288,9.36E-287,MYADM,v3,FALSE
ENSG00000198355,1.029414854,8.823672734,1804.559835,0,0,PIM3,v3,FALSE
ENSG00000164548,1.026543121,8.861031625,1700.889568,0,0,TRA2A,v3,FALSE
ENSG00000104368,1.023860686,8.608368712,3151.720688,0,0,PLAT,v3,FALSE
ENSG00000151929,1.02153978,8.680621941,1915.470476,0,0,BAG3,v3,FALSE
ENSG00000276900,1.01679815,8.614630478,2706.957684,2.27E-308,2.01E-306,NA,v3,FALSE
ENSG00000102854,1.016523764,8.706101699,3667.002731,0,0,MSLN,v3,FALSE
ENSG00000273802,1.01515925,8.692752124,1848.705716,0,0,HIST1H2BG,v3,FALSE
ENSG00000137267,1.013535677,8.696574393,1835.710928,1.861620036e-315,1.7011536325e-313,TUBB2A,v3,FALSE
ENSG00000134107,1.012451539,8.776862486,1618.256237,0,0,BHLHE40,v3,FALSE
ENSG00000173457,1.010406132,9.150870441,2403.353486,0,0,PPP1R14B,v3,FALSE
ENSG00000062716,1.007463728,8.825502606,1757.803249,0,0,VMP1,v3,FALSE
ENSG00000182827,1.003344571,8.888741324,1964.96698,0,0,ACBD3,v3,FALSE
ENSG00000267519,1.002520407,8.644292798,2069.414687,7.86E-302,6.86E-300,LOC284454,v3,FALSE
ENSG00000186352,0.999341688,8.916597315,1238.581486,1.56E-264,1.15E-262,ANKRD37,v3,FALSE
ENSG00000158615,0.999198152,8.676208775,1969.161775,1.38E-302,1.21E-300,PPP1R15B,v3,FALSE
ENSG00000107372,0.997130804,9.022898424,1888.588188,0,0,ZFAND5,v3,FALSE
ENSG00000206075,0.991492399,8.96265882,1775.705976,0,0,SERPINB5,v3,FALSE
ENSG00000233822,0.990414978,8.681269359,1766.686926,1.17E-296,9.88E-295,HIST1H2BN,v3,FALSE
ENSG00000235947,0.988441949,8.571665956,4210.176696,1.71E-297,1.45E-295,EGOT,v3,FALSE
ENSG00000153487,0.98604089,8.655851284,2023.851264,1.01E-282,8.23E-281,ING1,v3,FALSE
ENSG00000160862,0.984969135,10.07380864,2853.661503,0,0,AZGP1,v3,FALSE
ENSG00000109971,0.979804046,9.514424176,2410.08474,0,0,HSPA8,v3,FALSE
ENSG00000204256,0.974326431,8.843432791,1683.308537,0,0,BRD2,v3,FALSE
ENSG00000185479,0.963717047,8.758498692,989.1373697,9.51E-213,5.27E-211,KRT6B,v3,FALSE
ENSG00000148346,0.961427447,8.789375657,2775.609811,0,0,LCN2,v3,FALSE
ENSG00000117318,0.960574788,8.593258628,2828.685302,4.53E-268,3.46E-266,ID3,v3,FALSE
ENSG00000124466,0.957262014,9.2513333,1295.899964,2.33E-276,1.83E-274,LYPD3,v3,FALSE
ENSG00000134294,0.955316763,8.765353171,1634.023779,8.72101619589787e-310,7.75E-308,SLC38A2,v3,FALSE
ENSG00000187608,0.954293435,8.794282226,1242.508833,2.41E-265,1.81E-263,ISG15,v3,FALSE
ENSG00000148339,0.953092086,8.579193692,3741.822817,3.38E-294,2.85E-292,SLC25A25,v3,FALSE
ENSG00000255874,0.95275186,8.579260556,4335.236651,1.59E-290,1.33E-288,LINC00346,v3,FALSE
ENSG00000196189,0.951169557,8.623136577,2064.497145,1.61E-242,1.06E-240,SEMA4A,v3,FALSE
ENSG00000140941,0.944448902,8.893977543,1522.686881,7e-323,6.536e-321,MAP1LC3B,v3,FALSE
ENSG00000256618,0.941007767,8.621805658,2131.077373,3.93E-230,2.42E-228,MTRNR2L1,v3,FALSE
ENSG00000112096,0.932909968,8.710652233,1524.633649,3.31E-298,2.83E-296,SOD2,v3,FALSE
ENSG00000184292,0.931357718,9.903358047,1697.421218,0,0,TACSTD2,v3,FALSE
ENSG00000232810,0.927446961,8.556579453,5965.825745,2.5e-323,2.357e-321,TNF,v3,FALSE
ENSG00000161011,0.921840501,9.109415224,1597.550809,0,0,SQSTM1,v3,FALSE
ENSG00000170421,0.912636478,9.640182562,2131.91901,0,0,KRT8,v3,FALSE
ENSG00000006327,0.91016946,9.427105048,1706.442893,0,0,TNFRSF12A,v3,FALSE
ENSG00000175793,0.90793635,8.843171147,1357.19982,5.64E-289,4.65E-287,SFN,v3,FALSE
ENSG00000156675,0.903418301,8.985105649,2487.20538,0,0,RAB11FIP1,v3,FALSE
ENSG00000101096,0.898422939,8.581922817,3020.871421,4.01E-244,2.67E-242,NFATC2,v3,FALSE
ENSG00000123610,0.891921999,8.655004706,1421.283839,8.98E-267,6.80E-265,TNFAIP6,v3,FALSE
ENSG00000069399,0.890961672,8.624731309,1909.01802,1.29E-222,7.63E-221,BCL3,v3,FALSE
ENSG00000109846,0.890096649,9.028216469,1107.803781,1.89E-237,1.22E-235,CRYAB,v3,FALSE
ENSG00000110092,0.886682346,9.062511124,1253.385948,1.37E-267,1.04E-265,CCND1,v3,FALSE
ENSG00000145632,0.885787619,8.719035604,1276.746739,2.69E-241,1.77E-239,PLK2,v3,FALSE
ENSG00000112972,0.884471257,8.803998788,1156.130343,1.78E-247,1.20E-245,HMGCS1,v3,FALSE
ENSG00000143546,0.882519636,8.646968405,1161.204494,1.58E-248,1.07E-246,S100A8,v3,FALSE
ENSG00000186480,0.881593698,8.993480965,1177.497302,6.68E-252,4.64E-250,INSIG1,v3,FALSE
ENSG00000188112,0.879744189,8.635581744,1618.591383,1.11E-207,5.96E-206,C6orf132,v3,FALSE
ENSG00000044574,0.87973653,9.531680927,1284.114106,6.26E-274,4.87E-272,HSPA5,v3,FALSE
ENSG00000128272,0.879624189,8.993260704,1433.526992,1.22E-304,1.07E-302,ATF4,v3,FALSE
ENSG00000105327,0.879087253,8.575347556,2867.665074,2.34E-228,1.43E-226,BBC3,v3,FALSE
ENSG00000095739,0.878916737,9.030352459,1409.717583,9.27E-300,7.99E-298,BAMBI,v3,FALSE
ENSG00000163347,0.876601272,8.740773478,2907.039484,8.5560827e-316,7.855452541e-314,CLDN1,v3,FALSE
ENSG00000163584,0.875431564,8.963009029,1468.580275,8.080601465744e-312,7.27896485930726e-310,RPL22L1,v3,FALSE
ENSG00000203760,0.874350411,9.357501746,1233.958807,1.40E-263,1.03E-261,CENPW,v3,FALSE
ENSG00000232956,0.871221567,8.802164692,1342.696034,5.41E-286,4.43E-284,SNHG15,v3,FALSE
ENSG00000121900,0.870225208,8.96303696,1634.819643,0,0,TMEM54,v3,FALSE
ENSG00000118515,0.86074019,8.65997952,1570.437059,1.06E-212,5.86E-211,SGK1,v3,FALSE
ENSG00000007944,0.86072269,8.669373302,1630.841621,7.23E-281,5.79E-279,MYLIP,v3,FALSE
ENSG00000143333,0.858736899,8.624504486,1500.295494,5.37E-200,2.80E-198,RGS16,v3,FALSE
ENSG00000269893,0.854462136,9.116772123,1358.986441,2.42E-289,2.00E-287,SNHG8,v3,FALSE
ENSG00000108244,0.85322738,8.971192341,1097.646837,2.45E-235,1.55E-233,KRT23,v3,FALSE
ENSG00000159200,0.853095524,8.976384427,1310.509918,2.28E-279,1.80E-277,RCAN1,v3,FALSE
ENSG00000118849,0.851162293,10.88122789,3125.782442,0,0,RARRES1,v3,FALSE
ENSG00000166165,0.850620461,9.116276236,1240.721848,5.68E-265,4.23E-263,CKB,v3,FALSE
ENSG00000253276,0.843618261,8.595448495,2128.910711,7.89E-205,4.19E-203,CCDC71L,v3,FALSE
ENSG00000196878,0.8432917,8.742357057,1148.407128,1.97E-230,1.22E-228,LAMB3,v3,FALSE
ENSG00000160570,0.842509445,8.646610598,1585.596474,7.34E-237,4.70E-235,DEDD2,v3,FALSE
ENSG00000051620,0.842026176,10.27860957,2592.244989,0,0,HEBP2,v3,FALSE
ENSG00000136603,0.841586246,8.759515857,1257.881565,2.06E-253,1.46E-251,SKIL,v3,FALSE
ENSG00000124145,0.840496336,8.820415572,1178.657005,3.84E-252,2.70E-250,SDC4,v3,FALSE
ENSG00000167470,0.839528041,8.639806732,1554.324774,4.80E-198,2.46E-196,MIDN,v3,FALSE
ENSG00000005001,0.837181835,8.572817274,3098.641152,7.61E-224,4.59E-222,PRSS22,v3,FALSE
ENSG00000154640,0.83296083,8.756756982,1251.975314,4.69E-260,3.38E-258,BTG3,v3,FALSE
ENSG00000164920,0.829577184,8.659529576,1346.765935,2.09E-204,1.10E-202,OSR2,v3,FALSE
ENSG00000179833,0.828669283,8.822059446,1226.994711,7.31E-251,5.03E-249,SERTAD2,v3,FALSE
ENSG00000171209,0.826041172,9.288831776,378.9263077,2.52E-82,4.67E-81,CSN3,v3,FALSE
ENSG00000122877,0.825521315,8.559996041,5439.315884,4.78E-278,3.77E-276,EGR2,v3,FALSE
ENSG00000085117,0.824700375,8.816414784,1468.595622,8.11516324738e-312,7.27896485930726e-310,CD82,v3,FALSE
ENSG00000107281,0.823940141,8.709370594,2240.240257,3.60E-293,3.02E-291,NPDC1,v3,FALSE
ENSG00000177426,0.823495937,8.69298562,1266.623403,3.69E-209,2.01E-207,TGIF1,v3,FALSE
ENSG00000212907,0.821987101,8.999183457,1144.368486,4.89E-245,3.28E-243,ND4L,v3,FALSE
ENSG00000187689,0.821671343,8.95074946,1196.636167,3.94E-252,2.76E-250,AMTN,v3,FALSE
ENSG00000167614,0.819721821,9.148197533,1222.64541,3.06E-261,2.23E-259,TTYH1,v3,FALSE
ENSG00000108691,0.818114996,8.656594176,1016.916787,1.55E-210,8.52E-209,CCL2,v3,FALSE
ENSG00000132698,0.817905166,8.807482511,1600.373716,0,0,RAB25,v3,FALSE
ENSG00000139289,0.817627788,8.627540239,1373.808649,3.80E-180,1.74E-178,PHLDA1,v3,FALSE
ENSG00000164105,0.817471709,8.681186338,1280.115705,8.23E-209,4.46E-207,SAP30,v3,FALSE
ENSG00000185950,0.814309734,8.638849586,1376.495224,7.27E-194,3.66E-192,IRS2,v3,FALSE
ENSG00000166483,0.812550353,8.647778805,1330.552317,1.25E-184,5.84E-183,WEE1,v3,FALSE
ENSG00000134757,0.812070335,8.818058725,1136.812872,2.05E-243,1.36E-241,DSG3,v3,FALSE
ENSG00000117616,0.811962567,8.751459796,1079.32834,1.56E-231,9.69E-230,RSRP1,v3,FALSE
ENSG00000163659,0.808346895,8.603443493,1777.773096,2.62E-186,1.25E-184,TIPARP,v3,FALSE
ENSG00000158246,0.806982665,8.60176166,1820.555749,2.05E-185,9.69E-184,TENT5B,v3,FALSE
ENSG00000018189,0.806721996,8.692695526,1826.056868,2.23E-251,1.54E-249,RUFY3,v3,FALSE
ENSG00000116044,0.805920021,8.779207026,1320.769732,3.31E-280,2.64E-278,NFE2L2,v3,FALSE
ENSG00000165997,0.805757449,8.58623621,2126.42198,5.61E-187,2.70E-185,ARL5B,v3,FALSE
ENSG00000188229,0.803464717,9.122189531,1143.025861,9.28E-245,6.21E-243,TUBB4B,v3,FALSE
ENSG00000092820,0.803025209,9.062047502,1242.435537,2.49E-265,1.87E-263,EZR,v3,FALSE
ENSG00000198832,0.800484377,8.819766754,1957.970894,0,0,SELENOM,v3,FALSE
ENSG00000143162,0.800348141,8.844081683,1738.769762,0,0,CREG1,v3,FALSE
ENSG00000164713,0.799707423,9.175153785,1555.690381,0,0,BRI3,v3,FALSE
ENSG00000186832,0.798351627,10.43519158,1222.336945,3.54E-261,2.57E-259,KRT16,v3,FALSE
ENSG00000185262,0.797227339,8.714681519,1147.224425,4.89E-219,2.81E-217,UBALD2,v3,FALSE
ENSG00000073350,0.796321496,8.693802254,1358.484774,7.93E-233,4.99E-231,LLGL2,v3,FALSE
ENSG00000171858,0.794164982,11.16817121,3219.851699,0,0,RPS21,v3,FALSE
ENSG00000168066,0.790885574,8.950422649,1170.670853,1.73E-250,1.19E-248,SF1,v3,FALSE
ENSG00000070495,0.789004893,8.651855842,1268.830373,5.72E-179,2.59E-177,JMJD6,v3,FALSE
ENSG00000198840,0.788839079,10.73342519,1191.045306,1.05E-254,7.47E-253,ND3,v3,FALSE
ENSG00000186591,0.788558095,8.737078152,1112.309676,5.64E-222,3.30E-220,UBE2H,v3,FALSE
ENSG00000129757,0.788086475,8.656378319,1206.37369,1.84E-183,8.60E-182,CDKN1C,v3,FALSE
ENSG00000204103,0.787469071,8.805171722,1022.662096,9.71E-220,5.61E-218,MAFB,v3,FALSE
ENSG00000064886,0.786201577,9.458806256,1479.207125,5.410846667e-314,4.898452070994e-312,CHI3L2,v3,FALSE
ENSG00000198763,0.785833426,11.57657324,1819.690583,0,0,ND2,v3,FALSE
ENSG00000125741,0.785489662,8.847822953,1062.040238,6.14E-228,3.74E-226,OPA3,v3,FALSE
ENSG00000196262,0.784975955,10.51369982,4237.188299,0,0,PPIA,v3,FALSE
ENSG00000105699,0.783700967,8.901499367,1242.674399,2.22E-265,1.68E-263,LSR,v3,FALSE
ENSG00000184254,0.776560317,8.609806177,1886.535958,4.71E-198,2.42E-196,ALDH1A3,v3,FALSE
ENSG00000197329,0.774338176,8.699403383,1069.952972,9.47E-180,4.31E-178,PELI1,v3,FALSE
ENSG00000256690,0.774314483,8.567044324,3395.133098,1.89E-212,1.04E-210,LOC105369332,v3,FALSE
ENSG00000141543,0.772512518,8.914225401,1063.658606,2.83E-228,1.73E-226,EIF4A3,v3,FALSE
ENSG00000177600,0.768137877,11.69486324,5268.019169,0,0,RPLP2,v3,FALSE
ENSG00000089280,0.768047348,9.659538001,1542.557276,0,0,FUS,v3,FALSE
ENSG00000105855,0.768007648,8.682794716,1070.728438,3.35E-185,1.58E-183,ITGB8,v3,FALSE
ENSG00000117595,0.767894392,8.887521901,1007.813574,1.21E-216,6.80E-215,IRF6,v3,FALSE
ENSG00000091527,0.767343496,8.777566806,1088.277707,2.15E-233,1.36E-231,CDV3,v3,FALSE
ENSG00000204386,0.765922489,8.665514868,1153.701683,1.33E-172,5.79E-171,NEU1,v3,FALSE
ENSG00000154553,0.762642189,8.667087334,1182.632744,1.21E-184,5.67E-183,PDLIM3,v3,FALSE
ENSG00000255112,0.76094204,8.761499219,1037.73825,4.10E-202,2.15E-200,CHMP1B,v3,FALSE
ENSG00000124107,0.759279317,10.3754967,1120.614677,4.14E-240,2.70E-238,SLPI,v3,FALSE
ENSG00000175866,0.759187927,8.617454252,1413.553312,1.10E-164,4.51E-163,BAIAP2,v3,FALSE
ENSG00000152518,0.758242192,9.464412982,1319.268667,3.58E-281,2.88E-279,ZFP36L2,v3,FALSE
ENSG00000157557,0.756171883,8.684160846,1026.745758,1.23E-169,5.26E-168,ETS2,v3,FALSE
ENSG00000054598,0.755962356,8.688254268,1069.856605,1.11E-176,4.92E-175,FOXC1,v3,FALSE
ENSG00000165732,0.752613219,8.873068597,1034.079211,4.06E-222,2.38E-220,DDX21,v3,FALSE
ENSG00000116285,0.750813177,8.850269383,932.1189868,7.77E-201,4.05E-199,ERRFI1,v3,FALSE
ENSG00000130396,0.750618139,8.812698452,1018.071581,8.79E-219,5.03E-217,AFDN,v3,FALSE
ENSG00000189058,0.750552367,8.80468532,1227.997306,1.63E-261,1.19E-259,APOD,v3,FALSE
ENSG00000094755,0.749036563,8.82549088,1081.546296,5.43E-232,3.39E-230,GABRP,v3,FALSE
ENSG00000100219,0.746773459,8.890964794,924.5064799,3.04E-199,1.57E-197,XBP1,v3,FALSE
ENSG00000186847,0.746501518,11.67442388,998.005412,1.34E-214,7.47E-213,KRT14,v3,FALSE
ENSG00000111859,0.745274564,8.621231537,1300.847101,1.53E-149,5.48E-148,NEDD9,v3,FALSE
ENSG00000169718,0.743471983,8.720295894,1080.766939,9.73E-223,5.77E-221,DUS1L,v3,FALSE
ENSG00000173801,0.743124707,8.685676154,1012.744742,2.81E-179,1.27E-177,JUP,v3,FALSE
ENSG00000156804,0.741683454,9.047383161,838.6428729,3.03E-181,1.39E-179,FBXO32,v3,FALSE
ENSG00000006210,0.741077085,8.616723553,1266.594789,4.12E-168,1.75E-166,CX3CL1,v3,FALSE
ENSG00000025708,0.741023683,8.774706729,898.6903499,7.72E-194,3.87E-192,TYMP,v3,FALSE
ENSG00000197063,0.740316613,8.662363751,1071.183545,9.81E-157,3.79E-155,MAFG,v3,FALSE
ENSG00000117525,0.738221847,8.550332029,3998.557705,8.44E-211,4.64E-209,F3,v3,FALSE
ENSG00000171612,0.734224226,8.649786377,1201.76499,2.98E-165,1.23E-163,SLC25A33,v3,FALSE
ENSG00000136758,0.732142061,8.744822507,920.1418442,1.70E-188,8.28E-187,YME1L1,v3,FALSE
ENSG00000179388,0.731076877,8.555374002,3954.65002,3.03E-206,1.62E-204,EGR3,v3,FALSE
ENSG00000166233,0.727248261,8.673119121,1018.055724,5.42E-159,2.14E-157,ARIH1,v3,FALSE
ENSG00000103811,0.726639076,9.002205372,1221.621747,4.97E-261,3.60E-259,CTSH,v3,FALSE
ENSG00000112378,0.726632101,9.860701389,1602.827979,0,0,PERP,v3,FALSE
ENSG00000197747,0.725154309,11.58808217,2841.547558,0,0,S100A10,v3,FALSE
ENSG00000102554,0.723006737,8.803890504,888.1660579,1.24E-191,6.13E-190,KLF5,v3,FALSE
ENSG00000167604,0.722591729,8.57731101,1973.331737,1.83E-156,7.03E-155,NFKBID,v3,FALSE
ENSG00000119411,0.722481734,8.701598619,1790.822363,2.97E-210,1.62E-208,BSPRY,v3,FALSE
ENSG00000126458,0.722160932,8.657228337,1040.113438,1.67E-154,6.26E-153,RRAS,v3,FALSE
ENSG00000143321,0.720931257,9.106751212,1188.24247,3.99E-254,2.82E-252,HDGF,v3,FALSE
ENSG00000137309,0.720762263,8.888745808,975.0636024,8.24E-210,4.49E-208,HMGA1,v3,FALSE
ENSG00000124253,0.719499701,8.55828215,4621.991306,2.78E-300,2.40E-298,PCK1,v3,FALSE
ENSG00000078808,0.71877905,8.871730658,1019.572331,4.28E-219,2.46E-217,SDF4,v3,FALSE
ENSG00000196428,0.71861955,8.665827993,998.5684487,1.43E-141,4.84E-140,TSC22D2,v3,FALSE
ENSG00000169245,0.716543844,8.699053842,825.1355274,2.09E-178,9.43E-177,CXCL10,v3,FALSE
ENSG00000105519,0.715497616,8.646589614,1135.742797,1.88E-169,8.03E-168,CAPS,v3,FALSE
ENSG00000145592,0.711616911,11.33540086,2342.692355,0,0,RPL37,v3,FALSE
ENSG00000175197,0.711429562,8.721421696,738.7780897,3.13E-160,1.25E-158,DDIT3,v3,FALSE
ENSG00000197756,0.710896727,11.89221441,3092.090737,0,0,RPL37A,v3,FALSE
ENSG00000160213,0.710236674,11.24372212,1505.111209,2.73747e-319,2.56164e-317,CSTB,v3,FALSE
ENSG00000076604,0.710083872,8.700387649,941.0996902,1.85E-157,7.21E-156,TRAF4,v3,FALSE
ENSG00000158710,0.710083634,9.791242898,1921.271816,0,0,TAGLN2,v3,FALSE
ENSG00000159140,0.709667789,9.426596436,1190.676724,1.25E-254,8.87E-253,SON,v3,FALSE
ENSG00000115963,0.708882188,8.87485232,792.9353629,1.22E-171,5.26E-170,RND3,v3,FALSE
ENSG00000189334,0.708082169,9.523582219,950.1164404,1.34E-204,7.09E-203,S100A14,v3,FALSE
ENSG00000147804,0.706549686,8.675882778,1268.639979,1.79E-186,8.56E-185,SLC39A4,v3,FALSE
ENSG00000214530,0.705201925,8.687241029,1017.103476,2.11E-183,9.83E-182,STARD10,v3,FALSE
ENSG00000188486,0.700594353,8.627344739,1195.544232,1.43E-152,5.28E-151,H2AFX,v3,FALSE
ENSG00000144136,0.700318315,8.632841492,1059.01484,1.43E-138,4.72E-137,SLC20A1,v3,FALSE
ENSG00000198576,0.700243178,8.556536864,4375.828848,1.39E-215,7.73E-214,ARC,v3,FALSE
ENSG00000197061,0.700051469,9.870423683,638.9261765,3.96E-139,1.31E-137,HIST1H4C,v3,FALSE
ENSG00000198727,0.69969966,11.69583036,1512.543284,8.295e-321,7.80006e-319,CYTB,v3,FALSE
ENSG00000143761,0.699170055,9.565916891,1645.202816,0,0,ARF1,v3,FALSE
ENSG00000176973,0.69886435,8.677184924,992.9917354,1.18E-161,4.73E-160,FAM89B,v3,FALSE
ENSG00000112245,0.698410356,8.731000109,867.9686084,2.70E-163,1.10E-161,PTP4A1,v3,FALSE
ENSG00000134438,0.697847812,8.618349969,1940.687175,8.42E-166,3.52E-164,RAX,v3,FALSE
ENSG00000104549,0.695758969,9.0937905,869.6447251,9.44E-188,4.56E-186,SQLE,v3,FALSE
ENSG00000215845,0.69559754,9.343003527,1314.016218,4.32E-280,3.43E-278,TSTD1,v3,FALSE
ENSG00000130725,0.693725243,8.730332649,956.2370534,4.16E-201,2.18E-199,UBE2M,v3,FALSE
ENSG00000125753,0.692204325,9.146488131,1084.647831,1.22E-232,7.67E-231,VASP,v3,FALSE
ENSG00000272398,0.69204465,10.70316315,1580.690983,0,0,CD24,v3,FALSE
ENSG00000138772,0.692025436,8.896456643,1721.541226,2.74E-272,2.11E-270,ANXA3,v3,FALSE
ENSG00000138028,0.691663,8.595443989,1706.921314,1.42E-154,5.35E-153,CGREF1,v3,FALSE
ENSG00000168003,0.690023591,8.88643004,746.2385317,8.37E-162,3.36E-160,SLC3A2,v3,FALSE
ENSG00000099385,0.689191457,8.889253056,936.8990833,7.77E-202,4.08E-200,BCL7C,v3,FALSE
ENSG00000216490,0.68868594,8.557390758,3661.968027,1.75E-190,8.63E-189,IFI30,v3,FALSE
ENSG00000117984,0.68833137,8.912046224,872.0311206,2.98E-188,1.45E-186,CTSD,v3,FALSE
ENSG00000011198,0.687644472,8.706714054,1001.021591,1.28E-165,5.35E-164,ABHD5,v3,FALSE
ENSG00000141934,0.686020379,8.889132916,963.6670307,1.98E-207,1.06E-205,PLPP2,v3,FALSE
ENSG00000198604,0.685991714,8.846576283,840.7701609,1.08E-181,4.98E-180,BAZ1A,v3,FALSE
ENSG00000116871,0.685398447,8.693377874,868.4122666,1.92E-148,6.79E-147,MAP7D1,v3,FALSE
ENSG00000176407,0.68501844,8.781211236,866.8827584,3.58E-187,1.73E-185,KCMF1,v3,FALSE
ENSG00000277443,0.68469476,9.084374524,953.1718707,3.08E-205,1.64E-203,MARCKS,v3,FALSE
ENSG00000162366,0.684105961,9.193888955,1176.662869,9.95E-252,6.89E-250,PDZK1IP1,v3,FALSE
ENSG00000105722,0.683043012,8.701889523,942.8879698,5.27E-147,1.86E-145,ERF,v3,FALSE
ENSG00000226742,0.681842716,8.985454744,1041.541719,1.13E-223,6.79E-222,HSBP1L1,v3,FALSE
ENSG00000160446,0.681074036,8.694657663,1066.764348,1.51E-193,7.56E-192,ZDHHC12,v3,FALSE
ENSG00000132507,0.680987839,9.039315309,1022.771394,9.22E-220,5.34E-218,EIF5A,v3,FALSE
ENSG00000120438,0.680785127,9.128746586,1008.29007,9.62E-217,5.43E-215,TCP1,v3,FALSE
ENSG00000026025,0.677946952,10.56006472,873.8602911,1.23E-188,6.02E-187,VIM,v3,FALSE
ENSG00000196754,0.677811824,8.72267334,658.4864077,2.86E-143,9.86E-142,S100A2,v3,FALSE
ENSG00000089356,0.67744116,9.448763824,901.2956946,2.20E-194,1.11E-192,FXYD3,v3,FALSE
ENSG00000103260,0.674537333,8.679531361,947.932695,5.93E-187,2.84E-185,METRN,v3,FALSE
ENSG00000167565,0.674093918,8.719197433,831.6592486,4.67E-146,1.64E-144,SERTAD3,v3,FALSE
ENSG00000172354,0.673674451,9.152081453,1132.096754,1.72E-242,1.13E-240,GNB2,v3,FALSE
ENSG00000134905,0.67346974,8.707541662,1122.822824,2.69E-190,1.32E-188,CARS2,v3,FALSE
ENSG00000164897,0.673180627,8.694861613,946.7620037,3.76E-164,1.54E-162,TMUB1,v3,FALSE
ENSG00000267795,0.672845571,8.629916506,1856.066243,7.05E-156,2.68E-154,SMIM22,v3,FALSE
ENSG00000251562,0.671961495,15.21152914,2123.555322,0,0,MALAT1,v3,FALSE
ENSG00000164924,0.670051027,9.536513243,1419.080838,1.11E-301,9.68E-300,YWHAZ,v3,FALSE
ENSG00000144381,0.669804316,9.688719909,1207.841311,3.51E-258,2.51E-256,HSPD1,v3,FALSE
ENSG00000149257,0.668730282,8.941439155,762.9648495,2.50E-165,1.04E-163,SERPINH1,v3,FALSE
ENSG00000175315,0.668714757,8.606790927,1692.007413,3.60E-149,1.28E-147,CST6,v3,FALSE
ENSG00000143862,0.668670026,8.640609413,989.0818726,7.57E-138,2.48E-136,ARL8A,v3,FALSE
ENSG00000123975,0.668223606,9.126814551,668.8996687,1.79E-145,6.25E-144,CKS2,v3,FALSE
ENSG00000149806,0.667875996,10.61106142,3377.65148,0,0,FAU,v3,FALSE
ENSG00000198888,0.66730468,11.75602743,1604.28153,0,0,ND1,v3,FALSE
ENSG00000177989,0.666704072,8.649804788,1170.946366,2.04E-160,8.12E-159,ODF3B,v3,FALSE
ENSG00000180354,0.666240801,8.710196969,833.6844655,1.22E-158,4.78E-157,MTURN,v3,FALSE
ENSG00000240541,0.666124825,8.587160278,1321.585638,3.72E-121,1.06E-119,TM4SF1-AS1,v3,FALSE
ENSG00000160714,0.666065445,8.722496417,847.7345357,2.95E-157,1.15E-155,UBE2Q1,v3,FALSE
ENSG00000127824,0.665580734,8.854069434,765.4544425,7.47E-166,3.14E-164,TUBA4A,v3,FALSE
ENSG00000111011,0.665382158,8.941209779,814.3125563,3.91E-176,1.73E-174,RSRC2,v3,FALSE
ENSG00000141582,0.665207983,8.587791838,1556.52694,1.01E-142,3.45E-141,CBX4,v3,FALSE
ENSG00000131871,0.663426962,9.191090852,1041.63621,1.08E-223,6.51E-222,SELENOS,v3,FALSE
ENSG00000213741,0.663236905,10.72581215,1681.374905,0,0,RPS29,v3,FALSE
ENSG00000105880,0.662234922,8.757599982,611.6694751,1.27E-132,4.04E-131,DLX5,v3,FALSE
ENSG00000113811,0.661527077,9.005827432,880.7165634,4.50E-190,2.21E-188,SELENOK,v3,FALSE
ENSG00000172809,0.661136305,11.12860031,2191.480665,0,0,RPL38,v3,FALSE
ENSG00000123395,0.660507828,8.747490882,791.7599202,9.30E-150,3.33E-148,ATG101,v3,FALSE
ENSG00000122490,0.660281565,8.67138668,856.7193115,1.90E-136,6.20E-135,PQLC1,v3,FALSE
ENSG00000167157,0.659825641,8.591975044,1280.915829,1.20E-127,3.68E-126,PRRX2,v3,FALSE
ENSG00000102243,0.659427338,8.650641976,1656.149121,1.20E-153,4.49E-152,VGLL1,v3,FALSE
ENSG00000167552,0.657384762,9.512299139,820.1136975,2.36E-177,1.05E-175,TUBA1A,v3,FALSE
ENSG00000115541,0.657362337,10.19230013,1590.070373,0,0,HSPE1,v3,FALSE
ENSG00000112305,0.656009572,8.733538095,835.6801815,4.50E-177,1.99E-175,SMAP1,v3,FALSE
ENSG00000099804,0.65452377,8.619154427,1108.945257,2.20E-135,7.11E-134,CDC34,v3,FALSE
ENSG00000133112,0.654022208,10.8330868,2633.357217,0,0,TPT1,v3,FALSE
ENSG00000059728,0.653820414,8.566806527,1922.803732,2.83E-136,9.20E-135,MXD1,v3,FALSE
ENSG00000233016,0.652180287,8.77379139,844.7454211,1.59E-182,7.38E-181,SNHG7,v3,FALSE
ENSG00000282988,0.651909553,8.611047129,1143.177813,2.00E-141,6.75E-140,NA,v3,FALSE
ENSG00000123159,0.651380126,8.909461999,830.5481022,1.52E-179,6.90E-178,GIPC1,v3,FALSE
ENSG00000170684,0.651194108,8.600327395,1259.03634,1.44E-133,4.60E-132,ZNF296,v3,FALSE
ENSG00000143653,0.650316747,9.610596731,1555.526764,0,0,SCCPDH,v3,FALSE
ENSG00000111348,0.649580947,9.016752862,1873.390727,3.5e-323,3.286e-321,ARHGDIB,v3,FALSE
ENSG00000167969,0.648731781,8.780118338,797.1778226,1.57E-172,6.82E-171,ECI1,v3,FALSE
ENSG00000130545,0.648330377,8.640060807,1400.845643,8.89E-150,3.19E-148,CRB3,v3,FALSE
ENSG00000197070,0.648192679,8.662839983,1151.744486,4.27E-155,1.62E-153,ARRDC1,v3,FALSE
ENSG00000109814,0.646477661,8.624128733,907.013632,8.71E-112,2.28E-110,UGDH,v3,FALSE
ENSG00000138166,0.644639066,8.543418574,4120.157709,1.82E-173,7.95E-172,DUSP5,v3,FALSE
ENSG00000170293,0.644565888,8.641068777,1314.09068,4.52E-141,1.52E-139,CMTM8,v3,FALSE
ENSG00000179604,0.643671585,8.862001781,780.5223638,5.02E-169,2.13E-167,CDC42EP4,v3,FALSE
ENSG00000147535,0.642349645,8.863394552,1035.630986,1.93E-222,1.14E-220,PLPP5,v3,FALSE
ENSG00000125691,0.641268885,10.28408102,2124.110656,0,0,RPL23,v3,FALSE
ENSG00000188095,0.641268161,8.619648448,1579.22306,7.71E-147,2.71E-145,MESP2,v3,FALSE
ENSG00000162444,0.640784408,8.710777401,969.2183667,3.75E-177,1.67E-175,RBP7,v3,FALSE
ENSG00000158201,0.638165847,8.612694899,1010.476833,1.23E-110,3.18E-109,ABHD3,v3,FALSE
ENSG00000171621,0.637988666,8.647576067,854.6329918,3.60E-124,1.05E-122,SPSB1,v3,FALSE
ENSG00000181885,0.637742443,8.822996347,1149.458138,2.69E-208,1.45E-206,CLDN7,v3,FALSE
ENSG00000173726,0.634079364,9.305722131,1117.850298,1.55E-239,1.00E-237,TOMM20,v3,FALSE
ENSG00000113070,0.632678318,8.555654418,3162.343852,6.07E-165,2.50E-163,HBEGF,v3,FALSE
ENSG00000112306,0.632240031,12.12814967,3262.162335,0,0,RPS12,v3,FALSE
ENSG00000168994,0.629750433,8.647215323,777.0493916,4.69E-113,1.24E-111,PXDC1,v3,FALSE
ENSG00000067064,0.628375737,8.798740924,698.2997093,1.09E-151,4.02E-150,IDI1,v3,FALSE
ENSG00000151882,0.627473147,8.851038244,1449.728204,1.05E-215,5.90E-214,CCL28,v3,FALSE
ENSG00000169583,0.627136483,8.821182183,617.2413207,1.56E-134,5.01E-133,CLIC3,v3,FALSE
ENSG00000148908,0.626245361,8.931526387,844.4299333,1.84E-182,8.55E-181,RGS10,v3,FALSE
ENSG00000103485,0.625525989,8.742837402,1328.009274,1.13E-177,5.07E-176,QPRT,v3,FALSE
ENSG00000176978,0.625437501,8.799287382,752.3985292,4.21E-163,1.70E-161,DPP7,v3,FALSE
ENSG00000185499,0.625037973,8.612772796,1384.893635,3.94E-128,1.21E-126,MUC1,v3,FALSE
ENSG00000162078,0.624711551,8.613464395,1572.857347,4.50E-131,1.41E-129,ZG16B,v3,FALSE
ENSG00000197766,0.62375869,8.728287712,761.609078,4.82E-165,1.99E-163,CFD,v3,FALSE
ENSG00000115419,0.623176989,8.757643094,649.5174762,3.00E-126,9.02E-125,GLS,v3,FALSE
ENSG00000110955,0.623151137,9.164384023,913.574116,5.90E-197,3.01E-195,ATP5F1B,v3,FALSE
ENSG00000105849,0.623094954,8.865932456,693.4367161,1.17E-150,4.23E-149,TWISTNB,v3,FALSE
ENSG00000178053,0.622679148,8.681634347,796.2397622,8.49E-122,2.43E-120,MLF1,v3,FALSE
ENSG00000156976,0.622192011,9.344896521,854.6426846,1.32E-184,6.20E-183,EIF4A2,v3,FALSE
ENSG00000034152,0.621164327,8.639631504,831.849391,1.57E-108,3.95E-107,MAP2K3,v3,FALSE
ENSG00000163463,0.620696752,8.867801608,724.0935545,3.92E-157,1.52E-155,KRTCAP2,v3,FALSE
ENSG00000166337,0.620027826,8.610182926,1021.065007,5.68E-119,1.59E-117,TAF10,v3,FALSE
ENSG00000006756,0.619894971,8.788587458,792.7308394,1.35E-171,5.80E-170,ARSD,v3,FALSE
ENSG00000132510,0.619168364,8.594002075,1134.956087,2.29E-108,5.73E-107,KDM6B,v3,FALSE
ENSG00000105993,0.618912335,9.279347319,925.7553135,1.67E-199,8.65E-198,DNAJB6,v3,FALSE
ENSG00000121966,0.61889463,8.783315453,632.1764192,1.06E-137,3.48E-136,CXCR4,v3,FALSE
ENSG00000178531,0.618305126,8.565156571,1985.855758,2.00E-125,5.95E-124,CTXN1,v3,FALSE
ENSG00000135926,0.617348413,8.727681566,662.4288574,9.69E-127,2.92E-125,TMBIM1,v3,FALSE
ENSG00000174307,0.616347087,8.743094529,648.6684606,3.27E-132,1.03E-130,PHLDA3,v3,FALSE
ENSG00000198899,0.615872902,12.16278909,1362.757621,4.06E-290,3.38E-288,ATP6,v3,FALSE
ENSG00000078369,0.615272706,8.796254346,730.4673469,1.77E-158,6.95E-157,GNB1,v3,FALSE
ENSG00000143556,0.615130708,8.585125446,795.2071373,7.73E-166,3.24E-164,S100A7,v3,FALSE
ENSG00000167754,0.614960189,8.609846342,1375.997633,5.22E-126,1.56E-124,KLK5,v3,FALSE
ENSG00000273702,0.613672433,8.588527244,1113.48585,4.40E-108,1.10E-106,NA,v3,FALSE
ENSG00000108654,0.613562073,9.71926481,1169.823118,2.60E-250,1.77E-248,DDX5,v3,FALSE
ENSG00000164543,0.613440122,8.674377806,699.432744,5.21E-112,1.37E-110,STK17A,v3,FALSE
ENSG00000162576,0.612938861,8.607024339,1430.734988,5.78E-117,1.59E-115,MXRA8,v3,FALSE
ENSG00000147676,0.61201716,8.705011513,806.6048648,2.93E-151,1.07E-149,MAL2,v3,FALSE
ENSG00000166012,0.611897602,8.867252828,645.9304223,1.30E-140,4.36E-139,TAF1D,v3,FALSE
ENSG00000122359,0.611424457,8.726843165,807.1103331,7.01E-156,2.67E-154,ANXA11,v3,FALSE
ENSG00000159335,0.610370531,9.500012521,1013.088179,9.61E-218,5.44E-216,PTMS,v3,FALSE
ENSG00000182240,0.60984271,8.793058752,730.0219358,2.20E-158,8.60E-157,BACE2,v3,FALSE
ENSG00000096384,0.609838727,10.64889238,1636.847752,0,0,HSP90AB1,v3,FALSE
ENSG00000167799,0.60976439,8.6398417,1054.544654,1.92E-133,6.12E-132,NUDT8,v3,FALSE
ENSG00000137673,0.609655277,9.0339089,373.5159613,1.39E-82,2.58E-81,MMP7,v3,FALSE
ENSG00000169750,0.609342108,8.794385422,703.4516095,8.95E-153,3.31E-151,RAC3,v3,FALSE
ENSG00000269821,0.609248853,9.506453694,745.4410901,1.23E-161,4.93E-160,KCNQ1OT1,v3,FALSE
ENSG00000205155,0.608789309,8.845980319,695.2812668,4.75E-151,1.73E-149,PSENEN,v3,FALSE
ENSG00000119888,0.60771155,8.999761076,842.5659614,4.54E-182,2.09E-180,EPCAM,v3,FALSE
ENSG00000223573,0.607679912,8.692664961,804.2678066,2.77E-139,9.18E-138,TINCR,v3,FALSE
ENSG00000166226,0.607521839,8.892726701,714.1613731,4.89E-155,1.85E-153,CCT2,v3,FALSE
ENSG00000130487,0.60731874,8.564340111,2501.103937,2.82E-128,8.67E-127,KLHDC7B,v3,FALSE
ENSG00000196141,0.607037358,8.682870676,809.5909616,4.65E-157,1.80E-155,SPATS2L,v3,FALSE
ENSG00000099282,0.607011909,8.697717061,1322.940459,4.75E-143,1.63E-141,TSPAN15,v3,FALSE
ENSG00000236081,0.606823947,8.589710936,831.1948949,1.66E-122,4.79E-121,ELFN1-AS1,v3,FALSE
ENSG00000131051,0.606025799,9.511158067,1098.364225,1.73E-235,1.10E-233,RBM39,v3,FALSE
ENSG00000119862,0.605784766,8.621394948,844.6423817,1.41E-110,3.65E-109,LGALSL,v3,FALSE
ENSG00000090520,0.605726448,8.840761505,659.3019133,1.92E-143,6.64E-142,DNAJB11,v3,FALSE
ENSG00000188976,0.605162615,8.91394944,704.7275719,4.80E-153,1.79E-151,NOC2L,v3,FALSE
ENSG00000106635,0.603680665,8.691423428,727.9771183,3.56E-124,1.04E-122,BCL7B,v3,FALSE
ENSG00000139372,0.603642339,8.730662045,679.3790372,4.21E-129,1.30E-127,TDG,v3,FALSE
ENSG00000159166,0.603602223,8.715250915,702.1387908,1.65E-134,5.30E-133,LAD1,v3,FALSE
ENSG00000014216,0.602729105,8.675100963,826.4501094,1.49E-127,4.53E-126,CAPN1,v3,FALSE
ENSG00000135480,0.602546026,9.354864406,734.2255008,2.86E-159,1.13E-157,KRT7,v3,FALSE
ENSG00000156508,0.602409301,11.93460568,2922.730738,0,0,EEF1A1,v3,FALSE
ENSG00000130402,0.602044859,9.155272787,781.416448,3.25E-169,1.38E-167,ACTN4,v3,FALSE
ENSG00000272009,0.601713701,8.612130838,925.1722337,2.88E-110,7.41E-109,LOC102724889,v3,FALSE
ENSG00000165476,0.601704292,8.935244082,822.0738307,9.15E-178,4.11E-176,REEP3,v3,FALSE
ENSG00000183087,0.601192701,8.882964205,675.0976245,8.76E-147,3.07E-145,GAS6,v3,FALSE
ENSG00000182481,0.601107554,9.108252844,545.2877779,2.95E-119,8.30E-118,KPNA2,v3,FALSE
ENSG00000183684,0.600905817,8.624119992,854.0073764,2.59E-108,6.48E-107,ALYREF,v3,FALSE
ENSG00000116560,0.600080475,9.166033622,781.8226475,2.67E-169,1.14E-167,SFPQ,v3,FALSE
ENSG00000174749,0.599926627,8.650753659,1519.423342,1.20E-135,3.88E-134,FAM241A,v3,FALSE
ENSG00000116251,0.599861322,10.72033312,2446.35092,0,0,RPL22,v3,FALSE
ENSG00000156711,0.599774958,8.715427242,1256.926519,5.95E-154,2.23E-152,MAPK13,v3,FALSE
ENSG00000214026,0.599738659,8.681477787,761.3428562,1.76E-124,5.20E-123,MRPL23,v3,FALSE
ENSG00000166823,0.599567753,8.960989196,663.6755601,2.28E-144,7.92E-143,MESP1,v3,FALSE
ENSG00000154380,0.599212131,9.052589398,718.3249298,6.46E-156,2.47E-154,ENAH,v3,FALSE
ENSG00000109736,0.599158254,8.673490313,769.6136285,4.94E-129,1.53E-127,MFSD10,v3,FALSE
ENSG00000161921,0.599030934,8.817149893,814.0222644,4.52E-176,1.99E-174,CXCL16,v3,FALSE
ENSG00000163218,0.598935678,8.637203227,1408.268942,5.20E-129,1.61E-127,PGLYRP4,v3,FALSE
ENSG00000183864,0.598459478,8.736922852,664.2419199,1.29E-124,3.82E-123,TOB2,v3,FALSE
ENSG00000123933,0.598100723,8.640049517,795.7094417,8.67E-118,2.40E-116,MXD4,v3,FALSE
ENSG00000147813,0.597466346,8.63194812,1413.251292,7.73E-118,2.15E-116,NAPRT,v3,FALSE
ENSG00000169895,0.596635861,9.083275734,800.9742302,2.49E-173,1.09E-171,SYAP1,v3,FALSE
ENSG00000196449,0.596519219,8.630387313,823.5925255,4.24E-106,1.03E-104,YRDC,v3,FALSE
ENSG00000135912,0.595576031,8.684747595,723.0398071,3.85E-120,1.09E-118,TTLL4,v3,FALSE
ENSG00000132326,0.595533092,8.604577984,917.6782141,3.03E-94,6.63E-93,PER2,v3,FALSE
ENSG00000124102,0.595385926,8.602955887,710.273963,5.82E-107,1.43E-105,PI3,v3,FALSE
ENSG00000122566,0.595334742,9.870626596,1276.66505,2.15E-272,1.66E-270,HNRNPA2B1,v3,FALSE
ENSG00000178718,0.595285937,8.628996572,1390.327486,8.36E-128,2.55E-126,RPP25,v3,FALSE
ENSG00000177410,0.594132823,9.846654357,1016.263076,2.09E-218,1.19E-216,ZFAS1,v3,FALSE
ENSG00000167553,0.592598045,8.905397661,633.8917976,4.61E-138,1.52E-136,TUBA1C,v3,FALSE
ENSG00000198900,0.590599384,8.843824607,645.7350609,1.43E-140,4.79E-139,TOP1,v3,FALSE
ENSG00000111341,0.590340428,11.6993849,704.6443696,5.00E-153,1.86E-151,MGP,v3,FALSE
ENSG00000003402,0.589959107,8.75847159,662.0908034,4.94E-144,1.71E-142,CFLAR,v3,FALSE
ENSG00000100591,0.589920219,8.755437709,639.6252785,9.87E-131,3.07E-129,AHSA1,v3,FALSE
ENSG00000109205,0.589143728,9.89316909,448.2544696,1.31E-96,2.93E-95,ODAM,v3,FALSE
ENSG00000198142,0.58879158,8.614521513,821.7684888,9.67E-95,2.12E-93,SOWAHC,v3,FALSE
ENSG00000103254,0.588709399,8.761112811,730.464264,1.77E-158,6.95E-157,FAM173A,v3,FALSE
ENSG00000116741,0.588379503,8.852865412,496.7839171,6.24E-109,1.58E-107,RGS2,v3,FALSE
ENSG00000160813,0.587862391,8.762128273,704.0456854,6.69E-153,2.48E-151,PPP1R35,v3,FALSE
ENSG00000170458,0.587559072,8.605925413,1217.292246,1.20E-101,2.78E-100,CD14,v3,FALSE
ENSG00000075618,0.587248715,9.123448355,731.6444051,1.00E-158,3.94E-157,FSCN1,v3,FALSE
ENSG00000135269,0.586869317,8.727968391,607.5587485,9.16E-115,2.47E-113,TES,v3,FALSE
ENSG00000092758,0.586336803,9.116390299,545.9354074,2.15E-119,6.05E-118,COL9A3,v3,FALSE
ENSG00000143322,0.586322371,8.660432652,630.5873544,2.98E-95,6.58E-94,ABL2,v3,FALSE
ENSG00000105427,0.585344725,8.803208611,695.8803139,3.55E-151,1.29E-149,CNFN,v3,FALSE
ENSG00000074416,0.585313631,8.617634851,873.7268296,2.24E-111,5.84E-110,MGLL,v3,FALSE
ENSG00000111846,0.585263257,8.614866299,864.6592823,3.16E-101,7.28E-100,GCNT2,v3,FALSE
ENSG00000130656,-0.641842232,8.54033437,4905.379042,8.32E-199,4.29E-197,HBZ,v3,FALSE
ENSG00000108821,-0.68091972,9.172471278,389.1322677,6.24E-86,1.22E-84,COL1A1,v3,FALSE
ENSG00000119630,-0.705039424,8.891732279,617.3095689,1.51E-134,4.85E-133,PGF,v3,FALSE
ENSG00000223609,-1.291253675,8.572422167,7691.207064,0,0,HBD,v3,FALSE
ENSG00000244734,-1.470873396,8.603749538,5399.569729,0,0,HBB,v3,FALSE
